"scientific_name","weight_z","beak_len_culmen_z","beak_len_nares_z","beak_width_z","beak_depth_z","tarsus_len_z","wing_len_z","hand_wing_index_z","tail_len_z","Comp.1","Comp.2","Comp.3","Comp.4","Comp.5","Comp.6","Comp.7","Comp.8","Comp.9"
"Accipiter virgatus",0.57208288887303,-0.17279718415393,-0.233278598138134,0.152440340605719,0.364896298696128,1.22319658412248,0.28595988748603,0.0732446125931684,0.333006985702334,0.881726627223525,0.789506839773241,0.692790176303514,0.230004511115867,0.324703973958769,-0.236432230310399,0.419963748263044,-0.0387014706104679,-0.0364848953961668
"Acridotheres fuscus",0.332194126315035,0.0416240523057197,-0.0286825972532409,-0.0398814702514299,-0.0686983974038646,0.50267962186665,-0.135295390779314,-0.145338786245083,-0.379164249197335,0.034488856244975,0.0773712470550023,0.332466516986534,0.567465524451803,0.210135560292355,0.087018031018545,0.241674309343674,0.0704946064229475,-0.0566021901516333
"Acridotheres tristis",0.568515633096931,0.0273293032084097,-0.0333325063642613,-0.0783458324228597,0.0359623913099268,0.616445458012307,0.0194514461344865,-0.234391282068074,-0.235276591533933,0.266691186777465,0.211532945957528,0.526931958504778,0.548467301716442,0.219169183953114,0.211742624743046,0.196232920007503,-0.0113518571483302,-0.0410138750538416
"Acrocephalus dumetorum",-1.05582213869995,-0.344334173321649,-0.349526325913642,-0.616846902822878,-0.696663129686613,-0.266594127308745,-0.722760234618739,-0.493453088098595,-0.696007778193515,-1.7599108741672,-0.422577651345324,0.19490263760244,0.161329480920582,-0.11149157059456,-0.451911395297869,0.0520481731571933,0.0279189252792296,-0.0379684041540918
"Aegithina tiphia",-1.00795283398994,-0.322892049675684,-0.275127780137317,-0.482221635222873,-0.48734155225903,-0.407447067298606,-0.727536371560523,-1.33540395769779,-0.773038544417357,-1.77405905383903,-0.970340528769348,0.748493615756269,0.0193800060981518,0.163369902585227,-0.234487766973787,-0.188278115317726,0.0258568251044486,0.00353066967605951
"Alauda gulgula",-0.463530817395884,-0.401513169710889,-0.32627678035854,-0.482221635222873,-0.472390011014203,-0.212419919620337,-0.490639979248039,0.0813402940316223,-0.709088474344733,-1.25030841085353,0.0659636156239897,-0.190307295540668,0.313557220322821,0.0865596464456019,-0.140578079761228,0.112422543097049,-0.0214000542752994,0.0124808120691548
"Alcippe poioicephala",-0.62965810218327,-0.405086856985216,-0.396025417023844,-0.616846902822878,-0.532196175993512,-0.326185755765994,-0.652073407880336,-1.2625428247517,-0.515784853443395,-1.62151127105933,-0.604967910178562,0.883169289549712,-0.0415639802758824,0.0440989181770062,0.0271565862525363,-0.11147148931181,-0.0244579537267059,-0.00582638324873469
"Amandava amandava",-1.2075552057858,-0.590918595250246,-0.48902359924425,-0.520685997394303,-0.382680763545239,-0.781249100348622,-0.863178660707187,-1.0520551073519,-0.889311399094854,-2.14619394336098,-0.854676134596996,0.346756232221998,-0.226312240059909,0.364121593117624,-0.250500296711882,-0.19674966006535,-0.0729830412379372,0.000424033294742946
"Anthus hodgsoni",-0.609833047179205,-0.426528980631181,-0.409975144356905,-0.655311264994308,-0.651808505952131,-0.380359963454402,-0.542222258219306,-0.048190608983638,-0.618977011969673,-1.5286376857825,0.0275577474746149,-0.116414064620347,0.178929318894952,-0.109350113987383,-0.124150322634891,0.0371378691068139,-0.0311634956154337,-0.015560348434083
"Anthus nilghiriensis",-0.349452538408838,-0.376497358790597,-0.354176235024662,-0.616846902822878,-0.577050799727994,-0.190750236544974,-0.601446356297426,-0.865854434267468,-0.460555247471583,-1.38056267346718,-0.294007743511107,0.670912917712565,0.116201724717828,-0.0417595675595864,0.1271088186002,0.0412390406941376,-0.00885752662332339,0.00800998039004305
"Anthus richardi",-0.323101407355612,-0.287155176932409,-0.251878234582215,-0.539918178480018,-0.517244634748685,0.107207905741271,-0.437147245500059,0.22706255992379,-0.427126801751803,-0.936318131291534,0.266194069739183,-0.0901212245112553,0.375788485561711,-0.159106075180129,-0.205293206386084,0.292960637716569,-0.0482209309377684,-0.00511234176152492
"Anthus rufulus",-0.639787183098879,-0.394365795162234,-0.377425780579763,-0.674543446080023,-0.636856964707303,-0.114906345781202,-0.57661044420015,-0.39630491083715,-0.648045225639048,-1.50760046290415,-0.11708227133732,0.274734586077368,0.286633062855552,-0.0668456502064642,-0.218436173258595,0.0775931277678515,-0.0342101958447947,-0.014149001057847
"Argya affinis",0.145871197579721,-0.194239307799895,-0.228628689027114,-0.501453816308588,-0.158407644872829,0.345574419570266,-0.325385641062314,-1.18968169180562,-0.00563770354587613,-0.516708513359708,-0.212824586855742,1.27317811411515,0.0772309619562809,0.0102698880353354,0.24002286929448,0.114068936739647,-0.168896552783709,-0.0273600006345048
"Argya subrufa",0.182172107494774,-0.20138668234855,-0.214678961694053,-0.424525091965729,-0.0986014798935193,0.275147949575336,-0.460072702820622,-1.5782744008514,0.16877157847037,-0.514013425086381,-0.452214510053813,1.56732914096238,-0.151105976795976,0.0327755742156693,0.372342653755395,0.156775408535464,-0.143500760976628,-0.0112024753071181
"Artamus fuscus",-0.176078570693337,-0.183518245976912,-0.154230143250789,0.11397597843429,0.0210108500650995,-0.532047744981945,-0.0560115175456999,1.77333771466846,-0.669846385891078,-0.29737447018166,0.640995000841907,-1.81782108075792,0.273118985776638,0.287209531049563,-0.162072158389843,0.112965940302539,0.00705354358601891,-0.0515692351399882
"Carpodacus erythrinus",-0.527026719740783,-0.501576413392059,-0.405325235245885,-0.00141710808000003,0.0210108500650995,-0.586221952670353,-0.54986407732616,0.348497781500596,-0.616070190602736,-1.0304662607316,-0.0332807801623765,-0.661846032977109,-0.177626404716113,0.531618719683371,-0.128226446836576,0.137432480304132,-0.000526180948974758,-0.0173479960627072
"Centropus sinensis",1.1792619834695,0.734919383525253,0.585105405401438,0.594780505577163,1.2769403146306,1.53740698871524,0.712946530081515,-0.963002611528913,2.32417962205447,2.99452729539098,0.0219478643798434,1.81405194340534,-0.866629834418578,-0.380066604004699,0.10019076409959,0.45125466454689,-0.396068381156595,-0.0725561506726501
"Chalcophaps indica",0.679037211904828,-0.183518245976912,-0.251878234582215,-0.713007808251452,-0.532196175993512,-0.0769844003993166,0.0586157690571147,0.178488471293067,-0.248357287685151,-0.44352797651401,0.676999141325363,0.0647099290186509,0.493142974220616,-0.293238264347798,0.672484169887326,-0.0565432823133662,-0.128035362286898,-0.0133491139039227
"Chrysocolaptes guttacristatus",0.814794136961271,0.942193245436247,1.05474622561449,0.864031040777172,0.63402404110302,0.150547271891997,0.265900112330538,-0.339635140767973,-0.158245825310091,1.55080973324685,-1.00342982439902,-0.00989272273338476,0.513751172992544,0.281561926915579,0.523224400273622,-0.0932756182363266,0.153862030028015,0.0804913550086324
"Chrysomma sinense",-0.75817223781564,-0.437250042454164,-0.372775871468743,-0.597614721737163,-0.367729222300411,-0.104071504243521,-0.694103412968035,-1.3677866834516,-0.278878912037994,-1.47572443682065,-0.633150290086436,1.08943450973551,-0.202215472586982,0.0413437735229392,-0.185745959338139,0.0248710193157512,-0.1243642285275,0.0134328863213973
"Cinnyris asiaticus",-1.28065746287017,-0.204960369622877,-0.0798315974744643,-0.597614721737163,-0.681711588441785,-0.683735526509487,-0.790581379192071,-0.477261725221687,-0.957621701217883,-1.93869028761463,-0.857501787310165,-0.164407869342337,0.208646523855908,-0.126397152416454,-0.418491079472795,-0.125968171339982,-0.0214335968015035,0.030976859586421
"Cinnyris lotenius",-1.22314754107061,0.123818859615252,0.30611085874022,-0.539918178480018,-0.621905423462476,-0.651231001896442,-0.771476831424935,-0.898237160021283,-0.908205737979947,-1.6634524370859,-1.36288563980454,0.0994585157445642,0.313487083225018,-0.269327056492516,-0.322906380358649,-0.206331725274345,-0.0494193588769361,0.0770612772411299
"Clamator jacobinus",0.303102059062757,-0.0477181295524676,-0.0519321428083425,-0.00141710808000003,0.0210108500650995,0.0801208018970667,0.0710337251057528,0.704707764792562,0.86931552790229,0.540423708291309,0.658180619187598,-0.305489342928713,-0.465875372632434,-0.446892197586684,0.0745354469283774,0.350696956081746,-0.0657395247496099,0.00872242732689938
"Columba elphinstonii",1.3875841638352,-0.0155549440835201,-0.210029052583033,-0.366828548708584,-0.292971516076275,-0.0173927719420679,0.667095615440389,0.591368224654209,0.734148334339699,0.743152325445671,1.26088854250355,-0.0208181038880809,-0.012522289544844,-0.587803255244425,1.01576555844206,-0.140952776448909,-0.0481539743441547,-0.0247113865514911
"Copsychus malabaricus",-0.390956388195509,-0.190665620525567,-0.182129597916911,-0.424525091965729,-0.352777681055584,-0.011975351173227,-0.402759059519214,-0.712036486936846,0.302485361349491,-0.697546746188833,-0.228093168124731,0.695181561456775,-0.331517304584209,-0.361701049746635,-0.0916156615807944,0.138726479193162,-0.0658653772351153,0.0112941090826236
"Copsychus saularis",-0.245702977287491,-0.10132343866738,-0.0798315974744643,-0.270667643280009,-0.292971516076275,0.123460168047793,-0.384609739140435,-0.598696946798494,-0.246903877001683,-0.632528548915818,-0.307147200474704,0.527936978738026,0.165779284539109,-0.0337852250708537,-0.0655058177158381,0.127627196065876,0.0244409914762606,0.00710325600823369
"Corvus macrorhynchos",1.59776915984674,1.28526722377169,1.18959358983408,2.03719408700578,2.11422662434093,1.61325087947902,1.72739801651643,0.672325039038747,1.19051928894888,4.60464374066249,0.132231367554222,-0.0182507857374252,0.0939702081572952,0.740471856970558,-0.161820981032235,-0.0430302028119848,0.062280819636613,-0.0323986663311758
"Corvus splendens",1.20806979706697,0.845703689029405,0.687403405843885,1.36406774900576,1.3367464796099,1.01191717413769,1.15044067394892,0.793760260615553,0.739961977073574,3.06600117980062,0.33390547491143,-0.29216143066328,0.128037862771101,0.490044641126714,-0.00685230861545478,0.0314389064938678,0.0988342800824464,-0.0850490082063883
"Culicicapa ceylonensis",-1.31579558983467,-0.512297475215041,-0.502973326577311,-0.578382540651448,-0.786372377155577,-0.813753624961667,-0.75810364798794,-0.614888309675401,-0.764318080316545,-2.20389353105928,-0.583423902035528,0.0222014763024833,-0.173129564009012,-0.0466906130289493,-0.374090384004984,-0.208621285852803,0.116465058189993,-0.0141589673897387
"Cyornis pallidipes",-0.689115646538198,-0.362202609693287,-0.316976962136499,-0.424525091965729,-0.577050799727994,-0.515795482675422,-0.619595676676205,-0.930619885775098,-0.557933763263987,-1.56314731666884,-0.60364827523695,0.465277431245572,-0.0707309936257654,0.0295896035419206,0.0018219030525792,-0.139115134470247,0.112939797750277,0.0294926102151478
"Cyornis tickelliae",-0.799731348621022,-0.412234231533871,-0.377425780579763,-0.501453816308588,-0.636856964707303,-0.537465165750785,-0.626282268394703,-0.606792628236947,-0.572467870098674,-1.65867093019264,-0.41648376528644,0.207073386497874,-0.0574308310807358,-0.0400521226192029,-0.119602359326261,-0.0907688440323146,0.0816934872018232,0.0129198528528743
"Dicaeum agile",-1.2075552057858,-0.555181722506971,-0.48437369013323,-0.597614721737163,-0.517244634748685,-0.683735526509487,-0.727536371560523,-0.112956060491268,-1.01575812855663,-2.04516023593752,-0.335025676650424,-0.365549308072367,0.076826277986085,0.205031004578533,-0.447368858933719,-0.0885099880902812,-0.0806205124557668,-0.0279026061925379
"Dicaeum concolor",-1.46612839464896,-0.540886973409661,-0.447174417245068,-0.789936532594312,-0.71161467093144,-0.83542330803703,-0.8650891154839,-0.501548769537049,-1.0869752520466,-2.44361866514143,-0.648891743164664,-0.1444529453877,0.0539353994248245,0.0482998767076226,-0.471478889121022,-0.19037908056265,-0.0999904790960606,-0.00692501858545686
"Dicrurus aeneus",-0.471490710282709,-0.15850243505662,-0.158880052361809,0.152440340605719,-0.248116892341793,-0.607891635745716,-0.199295625799218,0.235158241362244,-0.23818341290087,-0.622376133009821,-0.153507070056509,-0.566000180673756,-0.248073412818774,0.0505834551278918,-0.0962035372864687,-0.121917943185177,0.252677426931311,0.00799161209754683
"Dicrurus caerulescens",-0.172600720203112,-0.051291816826795,-0.0472822336973222,0.363994332548584,0.0359623913099268,-0.4995432203689,-0.180191078032082,0.0408618868393535,0.203653434873619,-0.0865981646774949,-0.236146281140749,-0.311632789599894,-0.526648815503682,0.0598351199318424,0.0825525148410282,0.00845624158005025,0.218895266543669,0.00953195922969122
"Dicrurus leucophaeus",-0.215531714243509,-0.0227023186321752,-0.000783142587119243,0.479387419062873,0.0957685562892362,-0.467038695755855,-0.028309923283353,0.405167551569773,0.489975339516955,0.207757574563226,-0.0369260549365585,-0.564119310271686,-0.696346575125152,-0.0768709757649598,-0.0686096354198885,0.0379907084278949,0.2306819001182,0.0315817095655147
"Dumetia atriceps",-0.795461613792256,-0.412234231533871,-0.414625053467926,-0.693775627165737,-0.562099258483167,-0.331603176534835,-0.756193193211226,-1.56208303797449,-0.773038544417357,-1.90153385007538,-0.842369339721857,1.06319027983446,0.0800044859401373,0.154638970797323,-0.0323365796915375,-0.175711918253916,-0.0416130499284913,-0.0258747275955415
"Eumyias albicaudatus",-0.791217993712918,-0.469413227923111,-0.437874599023027,-0.501453816308588,-0.621905423462476,-0.4995432203689,-0.595714991967286,-0.946811248652005,-0.496890514558301,-1.68708801079957,-0.492685694413027,0.531694264372184,-0.160660973586949,0.00413241101128142,-0.0863325182143569,-0.16507970771338,0.0966311122747843,0.0253858424711312
"Eumyias thalassinus",-0.722785149737541,-0.501576413392059,-0.423924871689966,-0.347596367622869,-0.666760047196958,-0.727074892660214,-0.588073172860431,-0.452974680906326,-0.581188334199487,-1.65776711779118,-0.330736968387316,-0.00374648521801058,-0.159748595128588,0.0362415545195334,-0.00595810662685797,-0.139748220895245,0.210869869193053,0.0601320329582247
"Ficedula nigrorufa",-1.17738394274181,-0.515871162489369,-0.465774053689149,-0.578382540651448,-0.696663129686613,-0.4995432203689,-0.751417056269442,-0.898237160021283,-0.770131723050419,-2.0510715888007,-0.619197112907618,0.408206500623621,-0.04309226856272,0.057511884272612,-0.377023485432722,-0.134397871925513,0.0821991967469468,0.0123059554108948
"Ficedula parva",-1.08105509107431,-0.472986915197439,-0.475073871911189,-0.636079083908593,-0.726566212176267,-0.640396160358761,-0.675954092589256,-0.0967646976143604,-0.700368010243921,-1.91778834350309,-0.207021136669416,-0.268654093771297,-0.0127729733460015,-0.116651516869447,-0.357248248062959,-0.0459961254509274,0.0183448885889229,-0.0376860343525559
"Galerida malabarica",-0.20454737316406,-0.358628922418959,-0.242578416360175,-0.366828548708584,-0.352777681055584,-0.277428968846426,-0.42186360728635,0.218966878485336,-0.694554367510046,-1.00000877073703,0.113865876296764,-0.336674271643968,0.330840282480232,0.162616202811258,0.0573351341435104,0.112824912949407,-0.0233743331806585,0.0393131712122562
"Gallinago nemoricola",0.821863485047326,1.62119382755847,1.85453059270998,-0.136042375680005,0.170526262513373,0.388913785720993,-0.0263994685066395,0.372784825815958,-0.685833903409234,1.36930595900031,-1.15866469756123,-0.599994485780039,1.76372506432183,-0.643069138523019,0.501822390000254,0.232645528307392,-0.422076252126141,0.0773690347286665
"Galloperdix spadicea",1.35016224706327,-0.179944558702585,-0.298377325692418,-0.193738918937149,-0.26306843358662,0.789802922615212,0.0672128155523259,-0.606792628236947,0.244348934010743,0.416906420785426,0.693633390596073,1.20787717975839,0.397311378327655,0.0235740661950851,0.848563530133637,0.321908017954524,0.166538243125203,0.000396630941962938
"Gallus sonneratii",1.94043990622995,0.370403281543849,-0.0844815065854845,0.460155237977158,0.200429345003027,2.1820800602073,0.766439263829495,-0.428687636590965,1.71520054568108,2.54251889541161,1.26811803206303,1.90930329499426,0.102627715761557,-0.382081194770909,0.41271605848404,0.718834199286012,0.34523995763039,-0.149241236705178
"Gracula indica",0.915751623006675,0.134539921438234,0.064315584967165,0.171672521691434,0.155574721268546,0.242643424962291,0.0108543996392753,-0.185817193437352,-0.527412138911144,0.378058007421567,0.0180681948833455,0.220807551970888,0.643584262968569,0.488292163750661,0.655924664377741,0.0778079320385215,0.0975033452161814,-0.0506519669117627
"Harpactes fasciatus",0.131473575840315,-0.244270929640479,-0.270477871026296,0.537083962320018,0.260235509982337,-0.69998778881601,-0.16013130287659,0.963769570823082,0.593167498043234,0.246910952788743,0.426376820528844,-1.02170338524287,-0.922676303753656,0.116379786550897,0.241354265167272,0.26802451435701,0.178521609617858,-0.0364186358886115
"Hemipus picatus",-1.2075552057858,-0.494429038843404,-0.386725598801804,-0.482221635222873,-0.606953882217649,-0.867927832650075,-0.736133418055734,-0.906332841459737,-0.661125921790266,-2.03162159464361,-0.793070452244628,0.219527111946231,-0.305532594658341,0.0431535197591439,-0.236962956305595,-0.265044813809761,0.0669401372347199,0.0511216283134573
"Hierococcyx sparverioides",0.749082945455574,0.152408357809872,0.0224664029679822,0.190904702777149,0.0658654737995814,-0.141993449625406,0.928827919850149,0.502315728831218,1.54951172776565,1.33075003190913,0.857461842711991,-0.0835859889364504,-0.888003106168739,-0.769222433196261,0.432841560577363,-0.314127196281876,0.0493021835019457,0.0449267953548836
"Hierococcyx varius",0.483657797272449,0.00231349228811735,-0.0844815065854845,0.171672521691434,-0.0238437736693826,-0.201585078082655,0.508527868973162,0.688516401915654,0.878035992003102,0.728213510986233,0.734464502608376,-0.406519183146536,-0.547200670327953,-0.429262956369474,0.289491220323009,-0.104264746205954,0.106084546750298,0.0183069020593936
"Hirundo domicola",-0.734381459562801,-0.548034347958316,-0.535522690354453,-0.616846902822878,-0.801323918400404,-0.927519461107324,-0.335893142334239,2.1862174680296,-0.770131723050419,-1.53179954104758,1.07465782100168,-2.1814100964321,0.237453780628455,-0.305681507958212,-0.334642720692311,0.12557874902187,-0.0141754680964741,-0.0462968914439361
"Hirundo rustica",-0.730494448163756,-0.487281664294749,-0.498323417466291,-0.443757273051443,-0.756469294665922,-0.840840728805871,-0.209803127071143,2.11335633508352,-0.444567729953428,-1.23725133208926,1.07273608321259,-2.05289970732958,0.0218808246078213,-0.402574146718041,-0.404898535983418,0.110233597485995,0.0765359458527469,-0.0342099217865563
"Hypothymis azurea",-1.06204486848341,-0.508723787940714,-0.382075689690784,-0.424525091965729,-0.606953882217649,-0.618726477283397,-0.649207725715266,-0.84966307139056,-0.374804017146929,-1.74251095644646,-0.586214528978126,0.364660454087776,-0.370591303870875,-0.0604318122638721,-0.271335447577573,-0.146256830936965,0.108027321202698,0.084982442236002
"Hypsipetes ganeesa",0.00676168304669375,0.0309029904827372,-0.0286825972532409,-0.309132005451439,-0.292971516076275,-0.504960641137741,-0.205982217517716,-0.258678326383436,-0.0216252210640319,-0.502837047651458,-0.22076543734163,0.0191571940281681,-0.107669910942902,-0.27524183953144,0.379715767949185,-0.120468705135943,-0.042108898861435,-0.0338175055235593
"Iole indica",-0.358463440645586,-0.212107744171532,-0.219328870805073,-0.386060729794299,-0.427535387279721,-0.488708378831218,-0.473445886257617,-0.873950115705922,-0.293413018872681,-1.13004294389523,-0.52047183458187,0.486892737047662,-0.136831948488893,-0.0633623444296316,0.218683562174905,-0.139104632861487,0.036007274735599,-0.00151425379949885
"Irena puella",0.163190779426312,0.0094608668367723,0.0364161303010432,0.210136883862864,0.200429345003027,-0.510378061906581,-0.118101297788891,-0.0967646976143604,-0.133537843691123,-0.036948737540864,-0.298605422236763,-0.231520017162313,-0.19393099619065,0.266073616465523,0.390104490918598,-0.104875091689545,0.021806288619417,-0.00202919890671471
"Lalage melanoptera",-0.386220330761566,-0.240697242366152,-0.275127780137317,-0.212971100022864,-0.397632304790066,-0.347855438841357,-0.358818599654802,0.0408618868393535,-0.414046105600585,-0.918135876547161,-0.0378639589227216,-0.221247488201007,0.0435863423454757,0.0153101059928021,-0.0537636227056021,0.0181675605903852,0.118924261011845,-0.0328272099648331
"Lanius schach",0.0027316830232966,-0.151355060507965,-0.16352996147283,-0.00141710808000003,0.215380886247855,0.107207905741271,-0.433326335946632,-0.501548769537049,0.324286521601522,-0.099511783743622,-0.188344990041303,0.527395527092827,-0.401775784063176,0.136050179482952,0.0675276280825358,0.364227882541901,-0.108697863503259,-0.0546239976768886
"Larvivora brunnea",-0.746174883216326,-0.415807918808199,-0.405325235245885,-0.713007808251452,-0.651808505952131,-0.0553147173239535,-0.635834542278271,-0.663462398306124,-0.775945365784294,-1.66717047603594,-0.267300294563948,0.491131679336663,0.346435015490431,0.0128568606742729,-0.279629821866318,0.0454216571101643,-0.0333535989654546,-0.0220129245704066
"Leptocoma minima",-1.62939630171316,-0.390792107887907,-0.298377325692418,-0.809168713680027,-0.831227000890059,-0.77041425881094,-0.892790709746247,-1.04395942591345,-1.05209339564335,-2.50901372967512,-1.05349270614355,0.279616212425535,0.070573256622499,-0.0983034605077353,-0.53519464755442,-0.291987504951724,-0.0371142139685674,0.0164579513245097
"Lonchura kelaarti",-0.896060200288522,-0.444397417002819,-0.358826144135682,0.0370472540914299,-0.00889223242455518,-0.694570368047169,-0.798223198298925,-0.202008556314259,-0.906752327296479,-1.42742574782302,-0.615514626201728,-0.404090126659675,-0.152963739530444,0.672705032031631,-0.253257026148338,0.068247117263888,0.06011918791706,-0.0406921288334756
"Lonchura punctulata",-0.921110925552172,-0.508723787940714,-0.368125962357723,-0.0206492891657149,-0.0387953149142099,-0.716240051122532,-0.813506836512634,-0.363922185083335,-0.900938684562604,-1.52745782096682,-0.661870796624963,-0.267565632080436,-0.189598576778195,0.668786255493021,-0.229552532987349,0.0312576652655716,0.0415322938391415,0.00163153361301002
"Lonchura striata",-0.990820365508778,-0.501576413392059,-0.391375507912824,-0.0206492891657149,0.00605930882027211,-0.764996838042099,-0.831656156891413,-0.452974680906326,-0.889311399094854,-1.57016210164153,-0.741467481703178,-0.226714532144784,-0.260577902171909,0.693652580045492,-0.250339204907169,-0.00132375645574942,0.0167074854841914,-0.0255200748814578
"Loriculus vernalis",-0.251509117613788,-0.447971104277146,-0.289077507470378,-0.232203281108579,0.170526262513373,-0.938354302645005,-0.486819069694612,1.54665863439175,-0.93872736233279,-0.94161080471477,0.438776481404669,-1.81995749796803,0.152110294512845,0.521807692866638,0.0953094652648969,0.195192046615549,-0.332757296231025,-0.046246180397752
"Merops leschenaulti",-0.440184811303019,0.438303339756071,0.566505768957357,0.133208159520005,-0.218213809852138,-0.873345253418916,-0.301504956353395,1.20664001397669,-0.302133482973494,-0.177734767299541,-0.396734843856851,-1.66899981269626,0.121569459194192,-0.431170247145867,-0.0561979715175113,0.0808597686631863,0.0586172459762585,0.0385437564322052
"Merops orientalis",-0.86244249668755,0.180997856004492,0.259611767630017,-0.212971100022864,-0.442486928524548,-0.922102040338483,-0.446699519383627,0.672325039038747,0.0292441528573731,-0.753393173994718,-0.419104275248296,-1.11387310099545,-0.312662756734035,-0.677427214320881,-0.242560193175666,0.0358269977145049,-0.0195897935462724,0.0191433164337473
"Mirafra affinis",-0.466173981430786,-0.351481547870304,-0.261178052804256,-0.366828548708584,-0.233165351096965,-0.0282276134797494,-0.54986407732616,-0.65536671686767,-0.802106758086731,-1.17909563827339,-0.384404572260861,0.422649554365227,0.323236937280394,0.372928442052363,-0.1344768748243,0.0580448766369215,-0.0517869356299095,0.0106992178045057
"Montecincla cachinnans",-0.167416414239282,-0.137060311410655,-0.284427598359357,-0.559150359565733,-0.442486928524548,0.296817632650699,-0.498281798354893,-1.51350894934377,-0.127724200957248,-0.922258073995869,-0.49198845414098,1.46778026328927,0.106226865535589,-0.113189017502299,0.109460353072567,0.0786881380398006,-0.0131676347165767,-0.0865039859817508
"Motacilla cinerea",-0.75817223781564,-0.308597300578374,-0.275127780137317,-0.713007808251452,-0.71161467093144,-0.488708378831218,-0.525028165228883,0.656133676161839,-0.0957491659209362,-1.28422356023633,0.289813163040502,-0.674099241537626,-0.105635375781561,-0.611946390552735,-0.302601573816533,0.221475436179052,-0.122705498880406,-0.0108165417491976
"Muscicapa dauurica",-1.14847018746401,-0.472986915197439,-0.414625053467926,-0.405292910880014,-0.636856964707303,-0.694570368047169,-0.642521133996768,0.210871197046883,-0.748330562798389,-1.77924223500526,-0.184690822258709,-0.61053270636819,-0.0393878299254431,-0.00534965491571049,-0.467456334940524,-0.0207103150815612,0.105467708899567,-0.000846431094878315
"Myophonus horsfieldii",0.57208288887303,0.195292605101802,0.0689654940781852,-0.174506737851434,0.0808170150444089,0.919821021067392,0.127392141018803,-0.865854434267468,0.177492042571182,0.530615184663112,-0.00665399007341588,1.24691645073525,0.408775376465393,-0.0201134420897435,0.151696040556535,0.145337443782892,-0.098179694178834,-0.0619837180120084
"Nyctyornis athertoni",0.343827471995971,0.79567206718882,0.868749861173676,0.421690875805729,0.439654004920265,-0.477873537293537,-0.0263994685066395,-0.104860379052814,0.460907125847581,0.984856859520257,-0.923047412776526,-0.330076490647686,-0.244993147316043,-0.314163824607983,0.490034037700082,-0.0164066519459852,-0.10640392893603,0.0248777305787652
"Oriolus chinensis",0.33051618179697,0.348961157897884,0.403758950071647,0.767870135348597,0.499460169899574,-0.0228101927109085,0.12548168624209,0.210871197046883,-0.0317990958483129,0.900797098373734,-0.354611521182273,-0.391495082973046,0.0214955275527796,0.386610668195791,0.137212612642559,0.0386804578596199,0.200608916656346,0.0276703043290545
"Oriolus kundoo",0.170634234785388,0.173850481455837,0.124764403410429,0.460155237977158,0.140623180023718,-0.196167657313814,0.0108543996392753,0.55088981746194,-0.23818341290087,0.321489564540755,-0.0305417147009867,-0.682193057505134,0.122312064077318,0.244591183933865,0.106059318555865,0.0507415432556824,0.221140502238852,-0.0421735536184068
"Orthotomus sutorius",-1.33405532049728,-0.376497358790597,-0.363476053246702,-0.789936532594312,-0.771420835910749,-0.429116750373969,-0.881327981085966,-1.30302123194397,-0.774491955100826,-2.21767965744228,-0.933132941666932,0.747904701505652,0.0298746290242817,-0.113297212083698,-0.429579559103441,-0.134410773319782,-0.0260770425360652,-0.0241343604144493
"Parus cinereus",-0.881452719278455,-0.551608035232643,-0.414625053467926,-0.520685997394303,-0.502293093503857,-0.56996969036383,-0.713207960735171,-0.679653761183031,-0.626244065387017,-1.77347864045935,-0.462198075154489,0.24034382702592,-0.139274309210169,0.120933167305287,-0.158114207983481,-0.0586049479715781,-0.0169008037937332,0.0562704836357289
"Passer domesticus",-0.45827450649852,-0.447971104277146,-0.354176235024662,-0.0975780135085747,-0.0537468561590372,-0.504960641137741,-0.60049112890907,0.0651489311547148,-0.636417940171298,-1.07660348543159,-0.160396931515659,-0.385936774229271,-0.0800392095827382,0.468373287609059,-0.0421227239870556,0.141850075502346,-0.0119687840438081,-0.0121742876121858
"Perdicula erythrorhyncha",0.191471528135999,-0.412234231533871,-0.414625053467926,-0.386060729794299,-0.382680763545239,-0.152828291163088,-0.521207255675456,-0.801088982759838,-0.863150006792417,-1.15424553867218,-0.168327029176124,0.596933746695975,0.431027867419797,0.448611210809155,0.50624091687238,0.0202827796384144,0.085985540548162,-0.0134457180408378
"Pericrocotus cinnamomeus",-1.23909835206479,-0.465839540648784,-0.451824326356088,-0.539918178480018,-0.636856964707303,-0.645813581127601,-0.674043637812542,-0.048190608983638,-0.475089354306271,-1.80682524407355,-0.242965985346736,-0.311754278050352,-0.240756455481604,-0.171529456081177,-0.513413166223566,-0.00642449020402922,0.0104310620923493,-0.0307358428901572
"Pericrocotus flammeus",-0.547564405399349,-0.315744675127029,-0.298377325692418,-0.232203281108579,-0.352777681055584,-0.613309056514557,-0.477266795811044,0.0570532497162609,-0.130631022324185,-1.02124149048679,-0.103912025943189,-0.32177563321575,-0.349498735651355,-0.103512369527382,-0.0495478804972498,0.0551989030241628,0.0475205784978871,-0.0103898278282819
"Phylloscopus affinis",-1.38192462520729,-0.587344907975918,-0.498323417466291,-0.770704351508597,-0.846178542134886,-0.4995432203689,-0.744730464550945,-0.946811248652005,-0.839895435856918,-2.31635199495235,-0.602201199897219,0.46013396253742,0.00798213058519837,-0.053112492853338,-0.51260039807443,-0.208095358208282,0.0351859238345408,0.0438801722198238
"Phylloscopus nitidus",-1.30684282406953,-0.487281664294749,-0.470423962800169,-0.789936532594312,-0.756469294665922,-0.439951591911651,-0.718939325065312,-0.250582644944982,-0.73524986664717,-2.05613226465192,-0.269858326536162,-0.0589446141031961,0.0685321584232705,-0.17042325733881,-0.597348080236147,-0.0152065370791215,-0.072568321328595,-0.0366658173968482
"Phylloscopus occipitalis",-1.2075552057858,-0.469413227923111,-0.419274962578946,-0.655311264994308,-0.741517753421095,-0.56996969036383,-0.7103422785701,-0.574409902483133,-0.74687715211492,-2.03035506617335,-0.493941798418084,0.118244590318625,-0.00772961833466712,-0.0839210016840168,-0.412930558472667,-0.127396864929513,0.0269505267483614,0.00641812370818386
"Phylloscopus trochiloides",-1.28065746287017,-0.526592224312351,-0.47972378102221,-0.732239989337167,-0.771420835910749,-0.461621274987014,-0.730402053725593,-0.533931495290864,-0.764318080316545,-2.10871272379676,-0.401328204804006,0.153785813065294,0.0326398745050172,-0.0919058153156841,-0.523103523157688,-0.0773048508001982,-0.00394970016718791,-0.00155965207329465
"Phylloscopus tytleri",-1.36237883352761,-0.487281664294749,-0.470423962800169,-0.866865256937172,-0.831227000890059,-0.526630324213104,-0.76096933015301,-0.679653761183031,-0.854429542691605,-2.2788054353028,-0.520919272968703,0.229474797890952,0.0890133689838961,-0.146777528721679,-0.511906735985142,-0.153145574261157,-0.0606952830506484,-0.0264480385504844
"Picumnus innominatus",-1.12071329734803,-0.498002726117731,-0.349526325913642,-0.443757273051443,-0.472390011014203,-0.824588466499348,-0.805865017405779,-1.27873418762861,-1.0404661101756,-2.12359792088903,-1.06427351798714,0.454541974531169,-0.074093950451799,0.376512452807378,-0.124163233691626,-0.329686536991996,0.0419136674167309,0.0592380492878766
"Picus chlorolophus",0.168515669108634,0.0523451141287021,0.180563312742672,0.017815073005715,-0.173359186117656,-0.29909865192179,-0.0837131118080469,-0.218199919191167,-0.182953806929059,-0.145404233406532,-0.281097812202001,-0.0129583718177423,0.104822167747796,-0.0388410370369161,0.352900125973517,-0.107739887112874,0.109285908371366,0.110397453011717
"Picus xanthopygaeus",0.461064404135377,0.248897914216714,0.361909768072464,0.152440340605719,0.0808170150444089,-0.125741187318884,-0.0760712927011924,-0.33153945932952,-0.156792414626622,0.280591204229173,-0.431113618728473,0.118349320620232,0.222390772587338,0.0782008365423753,0.501770952329942,-0.0134179794632908,0.0439186244637311,0.0803411039551427
"Pomatorhinus horsfieldii",-0.122422495824675,0.152408357809872,0.217762585630835,-0.539918178480018,-0.203262268607311,0.275147949575336,-0.409445651237712,-1.50541326790531,-0.0201718103805633,-0.483944110727542,-0.837146006914396,1.35324730832453,0.179707386364303,-0.267212842244165,0.132422604380315,0.0403136277109683,-0.231653053639446,0.0342195838278532
"Prinia hodgsonii",-1.44410020418504,-0.505150100666386,-0.48902359924425,-0.886097438022887,-0.816275459645231,-0.494125799600059,-0.881327981085966,-1.27873418762861,-0.790479472618981,-2.41632858739322,-0.833014149307436,0.731272922026132,-0.0424140771071101,-0.105610155985509,-0.484390623553786,-0.178735201232352,-0.0586243011372916,-0.0232568712845689
"Prinia inornata",-1.38192462520729,-0.494429038843404,-0.465774053689149,-0.866865256937172,-0.771420835910749,-0.494125799600059,-0.834521839056483,-0.995385337282728,-0.438754087219553,-2.17705956014615,-0.63229165304926,0.570992947128584,-0.251485565316064,-0.288601490284227,-0.494597065611402,-0.0710257086310202,-0.103238698447905,-0.0133991768750427
"Prinia socialis",-1.28927657644323,-0.462265853374456,-0.433224689912007,-0.886097438022887,-0.801323918400404,-0.412864488067447,-0.842163658163337,-1.31111691338242,-0.552120120530112,-2.2040492824664,-0.774716576847049,0.850474116934896,-0.120698665557332,-0.229648006297538,-0.399678700014771,-0.118813987471879,-0.0760750372613402,-0.00336004347955937
"Psilopogon viridis",0.312648334635353,-0.0298496931808301,0.0736154031892056,0.344762151462869,0.559266334878884,-0.0553147173239535,-0.32060950412053,-0.469166043783234,-0.552120120530112,0.0708657142717753,-0.526875992247534,0.170908722751274,0.165467102197492,0.834108370942704,0.344935872282696,0.121986874150362,-0.0617238640327856,-0.00754701105467393
"Psittacula columboides",0.366524860594694,-0.0191286313578476,0.203812858297774,1.40253211117719,2.11422662434093,-0.651231001896442,0.011809627027632,1.62761544877629,1.26755005517272,2.00374968090897,0.200579732468394,-1.71373356338813,-1.70163618704422,0.937790873550275,0.060452843606815,0.58657024274306,-0.485707782051758,-0.0482685033324127
"Psittacula cyanocephala",0.174852057622803,-0.165649809605275,0.0410660394120635,0.921727584034317,1.39655264458921,-0.797501362655144,-0.101862432186826,1.96763406919135,1.39690360600143,1.38601933358527,0.603599613569384,-1.90200747668626,-1.67357917803114,0.298581494444239,0.0287007626758586,0.651823233569096,-0.399279991323806,-0.0123888324933263
"Pycnonotus cafer",-0.124037932456794,-0.237123555091825,-0.289077507470378,-0.386060729794299,-0.367729222300411,-0.320768334997153,-0.413266560791139,-0.809184664198291,-0.214928841965371,-0.944140541538483,-0.305796102487117,0.574079827137572,-0.093925796025813,-0.0185533496029874,0.304922435960957,-0.0611901362315723,0.0175310515662681,-0.0301409528317899
"Pycnonotus jocosus",-0.383864370195463,-0.305023613304047,-0.354176235024662,-0.443757273051443,-0.442486928524548,-0.364107701147879,-0.486819069694612,-0.995385337282728,-0.187314038979465,-1.18620501817211,-0.419721819453332,0.703076148437587,-0.219654183261536,-0.0625214126076052,0.158517289446718,-0.0955660548065007,0.0268778226915822,-0.0261738076362039
"Rhipidura aureola",-1.05582213869995,-0.412234231533871,-0.461124144578129,-0.482221635222873,-0.651808505952131,-0.510378061906581,-0.52884907478231,-0.428687636590965,-0.235276591533933,-1.58488858091676,-0.273672670601474,0.12550458222805,-0.338957094286162,-0.238994089872528,-0.396251830231938,-0.0946123629439513,0.0892241582331265,-0.0329569054666711
"Rubigula gularis",-0.388584318466056,-0.426528980631181,-0.437874599023027,-0.616846902822878,-0.592002340972821,-0.694570368047169,-0.610998630180994,-1.18158601036716,-0.334108518009805,-1.60601074151309,-0.515645118231058,0.721015276913004,-0.268445574654059,-0.0680361483640423,0.392804614684242,-0.205516697157153,0.00683394039006291,0.0011780349809188
"Saxicola caprata",-0.84393927428001,-0.397939482436561,-0.419274962578946,-0.616846902822878,-0.592002340972821,-0.342438018072516,-0.646342043550196,-0.922524204336644,-0.719262349129015,-1.75163640542921,-0.524950786329313,0.540952325085931,0.095254694208157,0.0595761659974305,-0.190505087613621,-0.115935666986808,0.00117584880306884,-0.0379922458994882
"Scolopax rusticola",1.24433408840801,1.81059925309783,2.05447668448385,-0.0591136513371448,0.334993216206473,0.378078944183311,0.521901052410157,1.04472638520762,-0.235276591533933,2.18737768163855,-0.678269093431608,-1.05237675133322,1.6893271517543,-0.925524058819291,0.650484854261116,0.0757388197779608,-0.526275122905097,0.116989684780632
"Sholicola major",-0.199119733594551,-0.330039424224339,-0.344876416802621,-0.520685997394303,-0.547147717238339,-0.0607321380927942,-0.582341808530291,-1.14920328461335,-0.549213299163175,-1.28516669590968,-0.406413044574317,0.941727205275775,0.226796618513451,0.0911743367068006,0.221284899252108,0.0176396080125096,0.0722361182963688,-0.00482164345039297
"Sitta frontalis",-0.787000170875502,-0.419381606082526,-0.349526325913642,-0.616846902822878,-0.651808505952131,-0.607891635745716,-0.621506131452919,-0.282965370698797,-0.915472791397291,-1.7934187982067,-0.31592274933422,-0.137753027375835,0.228574034815589,0.0393835346220649,-0.108480457969698,-0.117645451497732,-0.00304541181773775,0.0125863992408119
"Streptopelia chinensis",0.784901464453078,-0.237123555091825,-0.316976962136499,-0.693775627165737,-0.651808505952131,-0.331603176534835,-0.000608329021006327,0.364689144377504,0.380969538256802,-0.335734824443503,0.879177562511965,-0.0545133001021612,-0.033612594430587,-0.659441941480624,0.862019062223991,0.0733924566791378,-0.0696480422607567,0.00588120743581561
"Strix leptogrammica",2.03961748887472,0.58125083072917,0.14336403985451,0.883263221862887,1.62082576326162,0.70312419031376,1.67390528276844,0.16229710841616,0.814085921930478,3.0488883471303,0.808381563231664,0.38701222321325,-0.070369650596934,0.779710654601016,0.873348309834529,-0.588801485863296,-0.295732793395589,-0.255643250740934
"Sturnia malabarica",-0.179573941914868,-0.165649809605275,-0.154230143250789,-0.174506737851434,-0.322874598565929,-0.152828291163088,-0.352132007936305,0.324210737185235,-0.607349726501924,-0.703035896044931,0.0740458030113738,-0.404381555782547,0.367653579482383,0.113215803291094,-0.0271830941205622,0.15340158467579,0.0894965633562664,-0.0205314087042305
"Terpsiphone paradisi",-0.681850347482595,-0.0405707550038126,-0.126330688584667,0.190904702777149,-0.278019974831447,-0.4995432203689,-0.408490423849355,-0.517740132413956,0.133889722067121,-0.658243378973611,-0.621327996252587,0.106787808075113,-0.571793922266249,-0.12215338486082,-0.179330905212202,-0.0398531300397008,0.312664245951314,-0.0375819810055526
"Turdus simillimus",0.481633985278299,-0.0155549440835201,-0.0658818701414033,-0.289899824365724,-0.0836499386486918,0.204721479580405,-0.108549023905323,-0.46107036234478,0.0176168673896234,-0.0325862352205868,0.0603656480925589,0.593122753283628,0.19117517247021,-0.0407687740438385,0.422001435668417,0.110673405504506,-0.106482232191678,-0.0307234708888092
"Upupa epops",0.184249443537765,1.06369861276338,1.40348940894101,-0.251435462194294,-0.218213809852138,-0.331603176534835,0.0433321308434062,-0.412496273714057,-0.0594138988342184,0.529010587959822,-1.26203392750423,-0.0971487958525453,0.639924281031643,-0.930428767341318,0.453871973662925,-0.268367807719408,-0.233874650755192,0.245540663000071
"Yungipicus nanus",-0.799731348621022,-0.437250042454164,-0.289077507470378,-0.520685997394303,-0.502293093503857,-0.743327154966736,-0.586162718083718,0.0732446125931684,-0.944541005066665,-1.68103683706661,-0.245676540346835,-0.527996186797953,0.181652378027069,0.123866738585769,-0.133283029878892,-0.109057043267559,-0.0589850801161569,0.0444773764023096
"Zoothera neilgherriensis",0.666729488380606,0.170276794181509,0.152663858076551,-0.347596367622869,-0.0238437736693826,0.0638685395905443,-0.0856235665847603,-0.0400949275451842,-0.166966289410903,0.124426847899603,0.0746048050225512,0.125197136812056,0.451743417579003,-0.0956146270029889,0.586318805229253,0.122262406644252,-0.229441918049588,-0.0361356592801092
"Zosterops palpebrosus",-1.23909835206479,-0.476560602471766,-0.456474235467108,-0.751472170422882,-0.741517753421095,-0.667483264202965,-0.821148655619488,-0.469166043783234,-0.954714879850946,-2.2217012732189,-0.509293648634478,-0.0420100169347631,0.103574266163747,-0.0169291999337232,-0.379006753168314,-0.099631673039154,-0.0409908605275012,-0.0410782756711684
